1;#ios
2;#innovation
3;#building
4;#marketing
5;#smartphone
6;#jetbrains
7;#RoR
8;#conference
9;#os
10;#linux
11;#frontend
12;#gnu
13;#education
14;#android
15;#demo
16;#computer
17;#startup
18;#theory
19;#c++
20;#ruby
21;#software
22;#css
23;#gadget
24;#django
25;#engineer
26;#html
27;#covid
28;#product
29;#mobile
30;#techie
31;#internet
32;#perl
33;#cc
34;#business
35;#backend
36;#pro
37;#testing
38;#coding
39;#design
40;#windows
41;#iot
42;#python
43;#gadgets
44;#java
45;#security
46;#programming
47;#developer
48;#smart
49;#digital
50;#electronics
