1;Richard Herman
2;Joanne O'Reilly
3;Alexandrea Ruecker
4;Garnett Ledner
5;Gia Schinner
6;Deborah Turner
7;Miss Ashley Swift
8;Miss Jerrell Ledner
9;Amelia Labadie
10;Jarod Wolff IV
11;Alexys Heller
12;Dr. Pinkie Kihn
13;Jude Bins
14;Rosalinda Koss
15;Jada Mante
16;Elody Hintz
17;Sonya Greenholt
18;Kaia McClure
19;Estella Stracke
20;Winfield Mante
21;Hildegard Watsica
22;Linwood Feeney
23;Meta Bode III
24;Maximo Ruecker
25;Etha Ebert
26;Jana Boyer II
27;Grace Thiel
28;Bell Corwin
29;Ara Ullrich I
30;Harrison Murazik I
31;Reginald Runte
32;Kurt Bruen
33;Alexandrea Hickle
34;Ronaldo Schumm
35;Joshua Halvorson
36;Jeffry Armstrong
37;Demetrius Lockman
38;Lexi Koch
39;Prudence O'Connell
40;Ms. Luna Maggio
41;Roderick VonRueden
42;Emile Homenick
43;Elmer Rohan
44;Kaylie Satterfield
45;Gladys Schaefer
46;Ewell Mraz III
47;Marion Muller
48;Dr. Dario Lebsack
49;Estel Bradtke
50;Kenyatta Grimes
